epoch,A_loss,BD_loss,DP_loss,E_loss,FS_loss,RC_loss,loss,lr,val_A_loss,val_BD_loss,val_DP_loss,val_E_loss,val_FS_loss,val_RC_loss,val_loss
0,0.18438777384849694,0.08633414369363052,0.10545935109257698,0.10644359485461162,0.11336565906038651,0.0942562256868069,0.7587865911997281,0.001,0.14706899551674724,0.06876561348326504,0.08543475205078721,0.11639470839872956,0.09884813847020268,0.1316863321699202,0.7165609486401081
1,0.14328724317825758,0.074089518103462,0.07324040738435891,0.0853192674425932,0.08725012022142227,0.07706885455319515,0.6084117075571647,0.001,0.09193093003705144,0.07573515642434359,0.08870081696659327,0.12574709486216307,0.08280736254528165,0.11220797942951322,0.645034171640873
2,0.10468653532174918,0.06624221199980149,0.057756116470465295,0.07352034690288398,0.07113204566905132,0.06473591579840733,0.5057011097669601,0.001,0.07107481663115323,0.059817413333803415,0.08115024724975228,0.1293142708018422,0.0782422716729343,0.0940954010002315,0.5810169111937284
3,0.08535277499602391,0.06503436442178029,0.05116479557294112,0.06349442326105557,0.06440649511149296,0.05859086705515018,0.45506378091298616,0.001,0.07026585517451167,0.0761922369711101,0.1004295744933188,0.13967621978372335,0.0798080307431519,0.11746124690398574,0.6505259312689304
4,0.07118996533636864,0.058501348042717345,0.042911709644473515,0.06245341768058447,0.057884277059481695,0.05169891379773617,0.4110134645150258,0.001,0.07654732256196439,0.07552705239504576,0.11263676825910807,0.13405256252735853,0.09902176028117537,0.13397662993520498,0.6977895572781563
5,0.05871114306724989,0.05866317995465719,0.03986721636297611,0.057688747317745134,0.05240384876154936,0.05163096278332747,0.3846530547508827,0.001,0.07205865764990449,0.06149102747440338,0.09705627337098122,0.09446685761213303,0.08481735503301024,0.1111540263518691,0.5863750018179417
6,0.0548237431794405,0.0584860577319677,0.037740349841232486,0.05689948596633398,0.05398040594389805,0.049574543650333695,0.3765150847343298,0.001,0.08113563433289528,0.06165164546109736,0.09979629097506404,0.10012270836159587,0.08153058914467692,0.1043991819024086,0.5932927243411541
7,0.053510281472251967,0.052750684607487455,0.03626741361446106,0.05254093371331692,0.049148834668673,0.04807515127154497,0.3567656851731814,0.0005,0.07983007351867855,0.06508853659033775,0.10570114431902766,0.10267347563058138,0.08877445198595524,0.09896382316946983,0.6053030118346214
8,0.049366617002166234,0.05190199355666454,0.03684622909014042,0.04933957526317009,0.04759779550994818,0.04641928781683628,0.3455578856743299,0.0005,0.09082810347899795,0.06868817913345993,0.10497047426179051,0.11718820361420512,0.10057705920189619,0.10451140953227878,0.6506492383778095
9,0.04553895701582615,0.04840709283374823,0.03458175901323557,0.046026089443610266,0.046063949568913534,0.04473225844021027,0.3290427533479837,0.0005,0.08462139335460961,0.05992969614453614,0.09551587840542197,0.10115849506109953,0.08351270016282797,0.09278034092858434,0.5809997711330652
10,0.04211156055904352,0.05028037626582842,0.03440180449531628,0.04987323928910952,0.047782352194190025,0.04393311503988046,0.3316630514768454,0.0005,0.09616379207000136,0.0759506355971098,0.11030335444957018,0.12898320518434048,0.10249545937404037,0.1174982632510364,0.6944565325975418
11,0.04195828413447508,0.04887556556898814,0.03318615501316694,0.04654277159044376,0.04383806941600946,0.04226854479370209,0.3196279979669131,0.00025,0.0913391038775444,0.06992102228105068,0.10627380711957812,0.11840136395767331,0.08991711074486375,0.1082955221645534,0.6469951346516609
12,0.04515770142181562,0.04596681993168134,0.031518736925835796,0.04416084282386761,0.04491742270497175,0.04326340885689625,0.317730568922483,0.00025,0.09337430307641625,0.06572571652941406,0.1011493275873363,0.11925816163420677,0.09165739640593529,0.10798523342236876,0.6417875848710537
13,0.041753968223929405,0.04699305459283865,0.03471605766278047,0.04557389364792751,0.0425160494274818,0.040812116832687304,0.3148985184155978,0.00025,0.0872157160192728,0.06667333142831922,0.10060207452625036,0.11919849924743176,0.08984734024852514,0.10148088121786714,0.6274371892213821
14,0.04284734071160738,0.05032483559961502,0.031997144007338926,0.04503667039366869,0.043630920493832,0.040590003705941714,0.3167397551811658,0.00025,0.08818468381650746,0.06568932090885937,0.09707530494779348,0.11093639070168138,0.09019494103267789,0.10321614285930991,0.6174965500831604
15,0.040223855453615,0.04454244687580145,0.031684147408948496,0.043695235051787816,0.04325367510318756,0.0399354537232564,0.3054850674592532,0.000125,0.09498547296971083,0.07137284358032048,0.0995391602627933,0.1193528613075614,0.09849755885079503,0.1084678266197443,0.6543129198253155
16,0.04089917049098473,0.04572729422495915,0.032223401519541554,0.04299938435164782,0.04364988530197969,0.04088498322436443,0.3084321469068527,0.000125,0.09269536565989256,0.07057377230376005,0.09902539337053895,0.11742704175412655,0.09512891294434667,0.10907458094879985,0.6459187902510166
0,0.13237728108651936,0.1667099790647626,0.10414766683243215,0.10983828036114573,0.11435671453364193,0.14066901430487633,0.8743309732526541,0.001,0.04695180989801884,0.04573485441505909,0.03299835566431284,0.06867965050041676,0.048810800164937974,0.04721445143222809,0.3962701201438904
1,0.08857129281386733,0.11575789330527186,0.08121994766406715,0.0910442085005343,0.08762099291197956,0.09357601241208613,0.6633032876998186,0.001,0.08760540001094341,0.045066237822175025,0.038609562627971175,0.09473956972360612,0.09706064835190772,0.07931649684906006,0.5475048422813416
2,0.07084157969802618,0.08456480607856065,0.06788494403008372,0.07834012457169592,0.06940613291226327,0.08000906452070922,0.5557471811771393,0.001,0.08057831078767777,0.04765381775796414,0.03649270907044411,0.07358539775013924,0.07496642954647541,0.06649124249815941,0.48402358293533326
3,0.06153710628859699,0.06895797525066882,0.05927331792190671,0.07054880983196199,0.06099707377143204,0.07036115659866482,0.4954879255965352,0.001,0.08305402845144272,0.0546118289232254,0.04174236804246902,0.06078189574182034,0.06035039834678173,0.061739882081747056,0.4656172126531601
4,0.055888699484057724,0.06033413391560316,0.056217059842310846,0.061780426069162786,0.05462803435511887,0.06490054295863956,0.4566161660477519,0.001,0.11057954132556916,0.08720662742853165,0.06452939435839652,0.11335080713033677,0.11183988228440285,0.11472155079245568,0.704596734046936
5,0.05062762775924057,0.053597789141349494,0.050342652131803334,0.06059351691510528,0.0500297766411677,0.05742083443328738,0.4247349528595805,0.0005,0.08520605340600014,0.05308301001787186,0.045012705773115155,0.07144030034542084,0.07306649833917618,0.06959797255694866,0.4992497205734253
6,0.04439763235859573,0.04853634408209473,0.04540782608091831,0.05396872526034713,0.048093466903083026,0.05513982044067234,0.397128495387733,0.0005,0.0782973550260067,0.05149555951356888,0.04554151110351086,0.07048698775470257,0.06245540268719196,0.06955650113523007,0.47914116978645327
7,0.045316976960748434,0.052755051641725004,0.046400607214309275,0.05723637342453003,0.051616625278256834,0.055638613062910736,0.41000453755259514,0.0005,0.06596718803048134,0.04470858294516802,0.040421560779213904,0.052615960501134394,0.05186986476182938,0.05524170733988285,0.41158123314380646
0,0.12492819418830256,0.1239184278153604,0.10471862674720826,0.11030276672494027,0.10138320225861765,0.138519354645283,0.7717407614954056,0.001,0.08066349066793918,0.07288907505571843,0.06537341773509979,0.06772226206958294,0.05928296111524105,0.10312888510525227,0.5168327182531357
1,0.09202506465296592,0.09737330290579027,0.0824981098694186,0.09286514861929801,0.08625407817382966,0.10375664887889739,0.6223219460056674,0.001,0.0649170245975256,0.06420140080153942,0.043756430596113206,0.08446034118533134,0.07573006637394428,0.10172910541296006,0.5020854771137238
2,0.07446488521752818,0.0734650824339159,0.06425899904101126,0.07902224566186627,0.07292836772338036,0.08127231475326323,0.5124115280566677,0.001,0.07558816894888878,0.056107690930366515,0.04865327663719654,0.07448895685374737,0.06368488073348999,0.11583029925823211,0.5010384112596512
3,0.07007964496170321,0.06319973665860391,0.0574682054500426,0.06867115968658079,0.06645678680750632,0.07379377429043094,0.46605255046198446,0.001,0.07411605641245841,0.06283059045672416,0.05305682122707367,0.08551447615027427,0.07140863761305809,0.11350259557366371,0.5264724344015121
4,0.06139513609870788,0.05883717248516698,0.05500760770613147,0.06525894951435827,0.061321155919182684,0.06732570644347899,0.434843119113676,0.001,0.06144292801618576,0.06352932080626487,0.05334477834403515,0.09310847893357277,0.056137774139642715,0.10076101124286652,0.4936525136232376
5,0.05577950696310689,0.053606406214737126,0.050805928606179454,0.06342104882482559,0.05428320950558109,0.05738965085437221,0.4002791297051214,0.001,0.0677460789680481,0.06001117415726185,0.050415916740894316,0.08742906674742698,0.05957252793014049,0.09412730783224106,0.48393035531044004
6,0.05516261042606446,0.05052930597336062,0.04933199142256091,0.05998035352076254,0.055103705414841254,0.05896556281274365,0.3933517894437236,0.001,0.05582661628723144,0.04896440878510475,0.05194922499358654,0.06429705210030079,0.0454547081142664,0.07810498178005218,0.4085119187831879
7,0.05222099646925926,0.04720850469123933,0.04619419887181251,0.057199942128312205,0.04982851661982075,0.053609235392462824,0.369843743501171,0.001,0.06273721009492875,0.050508344545960426,0.057473808899521826,0.06476180739700794,0.04245961047708988,0.06721581481397151,0.4083814173936844
8,0.05173346400260925,0.04727137917953153,0.04489736132804425,0.05331319137927024,0.050841101715641636,0.05241718227344175,0.3633664115782707,0.001,0.06572771817445755,0.06235600002110005,0.04469934646040201,0.07522600442171097,0.0615876130759716,0.09138851016759872,0.46352634131908416
9,0.048793567705058286,0.04496671559829866,0.044279454696562984,0.05195790973882521,0.047062359750270844,0.04670699625726669,0.34599337847002093,0.001,0.05684323385357857,0.05834317542612553,0.040147339925169945,0.06077207997441292,0.05434453040361405,0.07669862173497677,0.4090390294790268
10,0.04420013978115974,0.044193041420752005,0.03894940307063441,0.049596764748134924,0.045020956966665485,0.047600672129661806,0.3311100592536311,0.001,0.0669652983546257,0.0664224449545145,0.05033083371818066,0.07460474967956543,0.05510128661990166,0.09934738352894783,0.47394223511219025
11,0.04295451975157184,0.04221856942580592,0.041459409459944696,0.04714746713157623,0.04411710450245488,0.04202034336424643,0.32075666996740526,0.001,0.062325332686305045,0.06219167076051235,0.04984558485448361,0.07348573841154575,0.05215983390808106,0.08136309832334518,0.44185930788516997
12,0.04082521279492686,0.03883387617045833,0.03772252918251099,0.04256365712611906,0.04156765089400353,0.04450995408959927,0.30633956097787424,0.0005,0.05707271993160248,0.056646553054451945,0.04352978840470314,0.062278063222765925,0.04650571681559086,0.0692422166466713,0.3954124480485916
13,0.039847720594656084,0.038501673227837006,0.03629033321574811,0.03898306623581917,0.040985898325039495,0.04165852941091983,0.296227089339687,0.0005,0.060037961974740026,0.05828488655388355,0.04907616637647152,0.06560849808156491,0.04349096640944481,0.07255863323807717,0.4088230401277542
14,0.039216378944054726,0.03773963799880397,0.03571340177328356,0.04187506455327234,0.040462551037630724,0.04204727300713139,0.2966454706845745,0.0005,0.06410457529127597,0.0582799881696701,0.05109114833176136,0.06894990690052509,0.04961088746786117,0.07295845672488213,0.4244053244590759
15,0.03837410907351201,0.03764058817778864,0.03527428846686117,0.03941801130290954,0.03753008356978817,0.03864253877151397,0.28610237183109405,0.0005,0.06365851759910583,0.05886596441268921,0.04498072043061256,0.06587253212928772,0.05713172405958176,0.08025386855006218,0.4297829270362854
16,0.03641867415318566,0.034758553690006654,0.032863357735257,0.03862945116575687,0.03534089179048615,0.03578480062705855,0.2726545444419307,0.0005,0.0609730064868927,0.052759183943271636,0.05003203637897968,0.06955625116825104,0.04652054198086262,0.0681132823228836,0.4066424936056137
17,0.034655179287637436,0.03454100887381261,0.03187194652855396,0.03742452458508553,0.034909075005881245,0.03822014643059623,0.27021850693610405,0.00025,0.06989423632621765,0.06353039182722568,0.05846813023090362,0.08286615833640099,0.04982143007218838,0.08143147975206375,0.46450800597667696
18,0.0323672728432763,0.03333649339695131,0.030661215585085652,0.03755551318247472,0.03459584358478746,0.035763508429931055,0.262682952227131,0.00025,0.06876838132739067,0.061693201586604116,0.05711192786693573,0.07938185259699822,0.051290422677993774,0.07869099825620651,0.4552437782287598
19,0.030792895283910535,0.03314145203799971,0.030383288800235716,0.03490891031199886,0.032150944754961996,0.03487929185071299,0.2544716856172008,0.00025,0.06675925888121129,0.06130918115377426,0.0563332624733448,0.0807566225528717,0.05058298334479332,0.0765244074165821,0.4503800004720688
0,0.19709238892092423,0.08123947756693643,0.17305184966501067,0.11080573543029673,0.07670483968275435,0.09684526460135684,0.8037329333669999,0.001,0.2268525127853666,0.09715979652745384,0.19041170818465097,0.12271445350987571,0.06606411508151463,0.10522675620658058,0.8760836635317121
1,0.15035212850745985,0.07124049961566925,0.12165573787163286,0.08585415035486221,0.06418242119252682,0.0812119027490125,0.6418133886421428,0.001,0.1932545964206968,0.11562852242163249,0.10573020258120128,0.12226988481623786,0.07080459860818726,0.08950013454471316,0.7641226904732841
2,0.10702404073056053,0.0636000739520087,0.08740218991742414,0.07034534391234903,0.05845485167468295,0.07258953417048734,0.525980655761326,0.001,0.11297876387834549,0.08958461774247033,0.06282790484172958,0.08547559699841908,0.07039963507226535,0.06568263098597527,0.5531175136566162
3,0.08187513820388738,0.057853406514315045,0.07340196498176631,0.06391907943522229,0.05116494076655192,0.06514920601073433,0.4591367393732071,0.001,0.08011194105659213,0.09610139791454587,0.06659947229283196,0.09501838364771434,0.0723317302763462,0.06337830477527209,0.5388780236244202
4,0.07276979713317226,0.05042392344159238,0.06821926288744982,0.0568960341898834,0.046984416816164463,0.06331708194578395,0.42349470888867097,0.001,0.05540463754108974,0.06925823113748006,0.06026247516274452,0.07560388211693082,0.06670684527073588,0.07375322867717062,0.4653854412691934
5,0.05944232007159906,0.050564301693264174,0.056507364682414955,0.05655967477051651,0.04607293535681332,0.058501351405592525,0.39157966129920063,0.001,0.051802615502050946,0.06763931789568492,0.05146952399185726,0.07398676073976926,0.06185051532728331,0.07349116035870143,0.4436833815915244
6,0.05843433945932809,0.04581849841291413,0.056290936930214655,0.05379763081231538,0.044654027504079485,0.05502555859001244,0.37700847229536844,0.001,0.060317816478865485,0.07702306977340154,0.06329227398548808,0.08656570528234754,0.07923768567187446,0.06020638133798327,0.48913394127573284
7,0.051230278907015044,0.0430646716233562,0.05142130582209896,0.04821404896895675,0.04118446633219719,0.05056399983518264,0.34770525904262767,0.001,0.04596027199711118,0.0554665635739054,0.04452547537428992,0.05816462263464928,0.06002948858908245,0.04650945535727909,0.3722136233534132
8,0.04962726430419613,0.04266925068462596,0.047778544947505,0.04752725932527991,0.03983173678245615,0.04948247760972556,0.338022884200601,0.001,0.058453606707709174,0.0737915847982679,0.05734106259686606,0.07672985323837825,0.07832812305007662,0.05869294649788311,0.46394892249788555
9,0.05145376274252639,0.04433283253627665,0.04975100256064359,0.04981545265763998,0.04105782744419925,0.0555164053597871,0.35208461565129895,0.001,0.04747378613267626,0.0616702815251691,0.048658895173243115,0.06482843735388347,0.06235337523477418,0.04945692792534828,0.3941332016672407
10,0.047795366167145616,0.04238823932759902,0.04386709597619141,0.04317284895874122,0.037313221460756135,0.04932308843468919,0.32310887469964866,0.001,0.06007717443364007,0.07809956797531672,0.06276979936020714,0.08927259807075773,0.08675168241773333,0.058488434978893826,0.49425192390169415
11,0.04569224585943362,0.03989738308112411,0.04282367673209485,0.043313758995603115,0.03676800364080597,0.04654437895206844,0.31340257297543916,0.001,0.05126643500157765,0.07284376876694816,0.05742249957152775,0.07721802911588124,0.08039705135992595,0.056103499340159554,0.4531668850353786
12,0.04508544230724082,0.0382518444538993,0.041936910327743084,0.04321967635084601,0.03558406272136113,0.04437786274973084,0.3061695142703898,0.0005,0.05916887841054371,0.0828179270029068,0.05973473084824426,0.09435640328696795,0.09669755612100873,0.06912506850702423,0.5194020313876015
13,0.041998034507474476,0.037225445184637516,0.04267905181383386,0.0392009327735971,0.03329043369740248,0.04090771939167205,0.2926000799326336,0.0005,0.05663765434707914,0.07364005701882499,0.06087729334831238,0.08431209410939898,0.08859769042049136,0.054453049919434955,0.4756051301956177
14,0.04191398017984979,0.035236922695356256,0.037846369559274,0.03899688750286313,0.03322361590450301,0.04089877776363317,0.284989166785689,0.0005,0.0625333237860884,0.08711482052292142,0.06503211015037128,0.09714623114892415,0.09373680395739419,0.06846302641289574,0.5306708940437862
0,0.10351147142148787,0.08433333964597794,0.07124940414101846,0.07520871585415255,0.11117662176970512,0.08671560162498106,0.578151386591696,0.001,0.0693241573870182,0.050254876539111135,0.06656705141067505,0.18329977840185166,0.05578724890947342,0.09953556805849076,0.5705794990062714
1,0.07619095052922925,0.06508008018136024,0.04993349926606301,0.06250760067374475,0.07492953490826391,0.0705353808739493,0.4448209818332426,0.001,0.07212805449962616,0.042931375280022624,0.06665164940059184,0.10725808218121528,0.057513270154595376,0.07609751001000405,0.4680247247219086
2,0.06271084361980038,0.061967087248640675,0.04428608252877189,0.060752076006704764,0.06049701475328015,0.06563112055582385,0.40106638881468004,0.001,0.056508459895849225,0.04154284223914147,0.05936041548848152,0.0834538422524929,0.055020689964294434,0.05858009681105614,0.3994318455457687
3,0.054847450145790656,0.0588114280854502,0.041541282928759055,0.05383028690853427,0.05838396592486289,0.06068951516382156,0.3728068259454543,0.001,0.06561313718557357,0.0545852854847908,0.09114334732294083,0.10904475152492524,0.056164516136050224,0.07818671688437462,0.49915911853313444
4,0.0513974079681981,0.05215966905797682,0.04030684309621011,0.05045553380923887,0.05059486723715259,0.057044319568141814,0.34611879529491546,0.001,0.07866338528692722,0.06073850505053997,0.1015687569975853,0.11291270256042481,0.05898321643471718,0.09319351240992546,0.5499235033988953
5,0.045697892505315044,0.05047197363549663,0.03499809538404788,0.0481449980288744,0.049730542927019054,0.04990654546887644,0.32253249614469465,0.001,0.06906740181148052,0.058671077340841295,0.08845346719026566,0.10070777833461761,0.04552038200199604,0.07436813376843929,0.4800851047039032
6,0.04181006466669421,0.050621854561951854,0.03449334041966546,0.04750092099270513,0.04783963207756319,0.051628605492653384,0.3169218542114381,0.001,0.09906629547476768,0.07963160574436187,0.1187237024307251,0.1102667510509491,0.06742838099598884,0.10181023478507996,0.6196581959724426
7,0.041955634831420834,0.046932513795552716,0.033678543844049974,0.0453669669166688,0.043803061448758646,0.04985937548260535,0.3041763771926203,0.0005,0.09167596101760864,0.06842261888086795,0.11156462877988815,0.11297470778226852,0.06885752677917481,0.10075562372803688,0.5966696918010712
8,0.041533012964552446,0.04744227314668317,0.03533618572738863,0.04533094996886869,0.04403141537500966,0.04685058973489269,0.3027986038115717,0.0005,0.14847515225410463,0.12109425216913224,0.1561065658926964,0.19067900478839875,0.12381490096449851,0.16424702256917953,0.9465409457683563
9,0.03969978042427571,0.04494420907670452,0.03463385158008145,0.040962669517724745,0.04188638733279321,0.04636676236987114,0.29047338904873016,0.0005,0.13317809849977494,0.11035575419664383,0.14972143918275832,0.157952181994915,0.10171228349208832,0.1411471001803875,0.8358878672122956
0,0.09054125144201167,0.0837139431387186,0.07642835071858238,0.08997643782812006,0.09604937210679054,0.08686109435032396,0.9746119029381696,0.001,0.12937402725219727,0.038320056561912806,0.042411472116197856,0.07836498745850154,0.17563750275543757,0.19723817067486898,1.0908452102116175
1,0.07385497847024132,0.07112653137129896,0.06570809783742708,0.07817948215148028,0.07201727983706138,0.07303350561243646,0.8455799677792717,0.001,0.09986454567738942,0.06292280820863587,0.04082332232168743,0.10353669843503407,0.13680746938501084,0.15423825170312608,0.9916068485804966
2,0.06530057836104841,0.06362441215006744,0.059460343354765105,0.07023219862843261,0.06361762916340548,0.06795073508778039,0.7678067018004024,0.001,0.08765184666429247,0.04737984974469457,0.06930159777402878,0.11789089441299438,0.08503932080098561,0.12524080382926123,0.8943575620651245
3,0.06041818594231325,0.057684934533694214,0.054335721056250966,0.06745503152556279,0.060127332587452495,0.0651403123184162,0.7128027484697455,0.001,0.17310380509921483,0.16979255633694784,0.10299199287380491,0.16634397847311838,0.1762664509671075,0.2164339678628104,1.3376892975398473
4,0.05780986093861215,0.05672368845518898,0.05362264603814658,0.06587357753339936,0.053997176534989304,0.05904812836909995,0.6660216170198777,0.001,0.04678109394652503,0.05384397134184837,0.039896471691983085,0.07619994240147727,0.19784419664314815,0.11475351452827454,0.8338797262736729
5,0.05841675466474365,0.056404671796104484,0.05323688532499706,0.061303703662227184,0.05552621766486589,0.059235308867167026,0.6359999512924868,0.001,0.06693928901638303,0.03598336290035929,0.054418127451624186,0.09358773167644228,0.0751171058842114,0.09408641925879888,0.6988928999219622
6,0.057609685641877795,0.0569907946183401,0.04945652011562796,0.06193679165752495,0.052847366122638476,0.06065569292096531,0.6064617283204022,0.001,0.07752894716603416,0.04977546419416155,0.06204353751880782,0.10522744698183877,0.10503913036414556,0.11163727194070816,0.7659511736461094
7,0.05506105216986993,0.05311168138595188,0.047916375319747365,0.06035519380341558,0.051905997974031115,0.057418462327298,0.5695258194909376,0.001,0.08351729065179825,0.0659729785152844,0.07116683785404478,0.11794866834368024,0.10325857996940613,0.12377096393278667,0.7983258792332241
8,0.05210178728927584,0.0523843988776207,0.04682054063853096,0.05570286994471269,0.053135139429393935,0.05202507063308183,0.5351962359512553,0.001,0.10527299131665911,0.08927166887692042,0.08409644556897027,0.1492509160723005,0.13636570743152074,0.16208789391177042,0.939550518989563
9,0.054270787821973074,0.055658999501782304,0.047690324594869334,0.06296221451724276,0.0538401230074027,0.05721676086678224,0.5362496253322152,0.001,0.0670062175818852,0.05927116636719022,0.051335541265351434,0.09553603934390205,0.0931675061583519,0.1152461799127715,0.6772701569965908
10,0.05356368247200461,0.05135193938279853,0.045443313415436185,0.05927648077554563,0.048353068749694264,0.05519923764993163,0.5008678760598687,0.001,0.06931309827736445,0.06268974712916783,0.06104154831596783,0.10113396282706942,0.09192475570099694,0.11569492412464959,0.6812127317701068
11,0.054766366039128864,0.05217509442830787,0.04542200256358175,0.05912445365067791,0.0513565253247233,0.054967877290704674,0.4898311355534722,0.001,0.064049631357193,0.05878687170999391,0.054995306368385045,0.0915570365531104,0.09018758365086146,0.10978028923273087,0.6338057518005371
12,0.05300108485800378,0.04945778441341484,0.04278200108777074,0.05466001930043978,0.05038976800792357,0.0538748804041568,0.4620552273357616,0.001,0.04905928884233747,0.047989627080304284,0.04236526734062603,0.06635166917528425,0.059198150145156045,0.08550736840282168,0.5017218291759491
13,0.05161051890429329,0.04792528687154546,0.04380359259598395,0.05587905393365551,0.04918992289287202,0.052833215059602964,0.446565964642693,0.001,0.06659253048045295,0.05965295646871839,0.05241917393037251,0.09061676689556666,0.08085597732237407,0.10797171933310372,0.5974569490977696
14,0.05122148826280061,0.04947208284455187,0.04333258409272222,0.05503358932978967,0.04663973476956872,0.05312363452771131,0.43319882540141835,0.001,0.04562354300703321,0.043760034654821665,0.037965070988450735,0.06871129838483674,0.054969990359885354,0.07875729671546391,0.4591550614152636
15,0.0540339108556509,0.05109666397466379,0.043737929423942286,0.05519991488579441,0.04943797890754307,0.05322766041054445,0.43147104540291953,0.001,0.08672145860535758,0.08694844905819211,0.07642207720449992,0.12924414340938842,0.12296015237058912,0.14434826161180223,0.766591089112418
16,0.04669645812143298,0.04659051842549268,0.03975049833602765,0.04958922854241203,0.04442482759409091,0.04617624532650499,0.3891100348795162,0.001,0.10496023510183607,0.10045063708509717,0.07970267853566579,0.1418527215719223,0.12512347740786417,0.16150873260838644,0.8251894627298627
17,0.048835881930940295,0.04633548187420649,0.04313200690290507,0.05310303356279345,0.04857261544641327,0.051871878478456944,0.3998779216233422,0.001,0.0927211365529469,0.07673323686633791,0.07063142635992595,0.12030148399727685,0.0946575967328889,0.12970891169139318,0.6892713138035366
18,0.049327907207257604,0.04698719084262848,0.04127612074508386,0.052651042118668556,0.045692552593262756,0.05234913867624367,0.38973820209503174,0.001,0.07478884713990348,0.06487707846931048,0.06299917293446404,0.10046787453549248,0.08552064214433942,0.11738907439368111,0.6042470676558358
19,0.04973989297800204,0.04774393908241216,0.040353652637671024,0.05038093161933562,0.04332247343571747,0.04706879935282118,0.37520395832903247,0.0005,0.06861278201852526,0.06022151985338756,0.055607078330857415,0.09093308661665235,0.07958929027829852,0.10484255850315094,0.5546911188534328
20,0.044152668951188814,0.040774587870520705,0.03934998788377818,0.047855287899865824,0.0399690923445365,0.04419941948178936,0.3496158315854914,0.0005,0.07201194976057325,0.062200160431010384,0.05524573475122452,0.09009956674916404,0.07772565207311086,0.10954314363854271,0.5584918260574341
21,0.04318821156287894,0.04272797561305411,0.037949070115299785,0.04372836063232492,0.040533566080472046,0.04274853943463634,0.34109489619731903,0.0005,0.05738321478877749,0.049750967749527523,0.046451272176844735,0.07408577842371804,0.05777159386447498,0.08486803621053696,0.4589941416467939
22,0.04328218036714722,0.04198668409577187,0.035870696856256795,0.04406177301836364,0.041126046658438796,0.04406891817993978,0.33779271911172304,0.0005,0.06878958855356489,0.05777953192591667,0.05578618496656418,0.0957723217351096,0.07244461668389184,0.10851004187549863,0.5451164501053947
23,0.043677917407716024,0.041200369870399725,0.03705036262159839,0.045301963739535385,0.04277084981474806,0.04470512544845834,0.33950403858633604,0.0005,0.07357742211648396,0.06648447577442441,0.06132560808743749,0.10292872680085045,0.08548559142010552,0.11702658768211092,0.5903466301304954
24,0.04210004719960339,0.042351315345834285,0.035385149859768504,0.04410987040575813,0.03972990997135639,0.04244281806270866,0.3285422868588391,0.0005,0.05986595260245459,0.055474073226962774,0.045160140310014994,0.07953261477606637,0.06303650193980762,0.09025148408753532,0.4746375637395041
25,0.04028996786869624,0.039690735256847215,0.03289641631657586,0.04049545685377191,0.03803872196551632,0.03924208112499293,0.31089408345082226,0.0005,0.0634608439036778,0.05426407552191189,0.048593297600746155,0.08537373053176063,0.06684919340269906,0.09747647494077682,0.4951204913003104
26,0.03687711969456252,0.03689106460660696,0.0328272323069327,0.03973868938491625,0.03750305168111535,0.038884208263719786,0.30126527039443746,0.00025,0.06663282322032112,0.0604766665824822,0.052093597927263806,0.08965576120785304,0.07209498328821999,0.10140993126801082,0.5202869772911072
27,0.036810030284173345,0.03567793790031882,0.03089484857285724,0.037266958997968364,0.0354134102954584,0.037328243803452045,0.29072979311732683,0.00025,0.05553447934133666,0.04786740190216473,0.0428052938410214,0.07439042521374566,0.05536052903958729,0.08473471445696694,0.4374400888170515
28,0.03725862442789709,0.034358416957890284,0.03056314751944121,0.03588335687185035,0.035625854178386575,0.035890070228453946,0.2858099766513881,0.00025,0.06101141923240253,0.054872779441731315,0.05027021361248834,0.08662716618606023,0.06812640013439315,0.09545515796967916,0.49203693866729736
29,0.03509021260063438,0.03582477690104176,0.03232860318658983,0.03886626304729896,0.03593342658132315,0.03721762903253822,0.29039692791069255,0.00025,0.06389971024223737,0.05710829368659428,0.05048113369515964,0.09058569691010884,0.06637231260538101,0.10041953091110502,0.5034571290016174
0,0.0937485293005452,0.07752788258772908,0.0747534382072362,0.12571910046266788,0.06932538725209958,0.10373422368006273,1.0041823676138213,0.001,0.061509413023789726,0.1096715960237715,0.045309694276915655,0.054152760240766734,0.08955011682377921,0.10749004615677728,0.9085174865192838
1,0.06484876065091653,0.06149000730929953,0.061660752603501984,0.08408575708215887,0.059492234705072464,0.07610748290564075,0.8297264052159858,0.001,0.06109651509258482,0.0885386938850085,0.05215201692448722,0.06444488341609637,0.0826624267631107,0.10840822921858893,0.8593044016096327
2,0.06352486912951325,0.060143897705005875,0.05587633936242624,0.07303307103839787,0.053444398284861534,0.06848793465531233,0.7581356818025763,0.001,0.060476149121920265,0.07557952569590674,0.046945518917507596,0.06115993940167957,0.06214079260826111,0.08430590977271397,0.7552663220299615
3,0.056582952200463325,0.05285684617631363,0.050597669669624534,0.06026716778675715,0.05398075271284941,0.060602720713976654,0.6825425697095466,0.001,0.05510686876045333,0.07482867563764255,0.04635424166917801,0.060994140803813934,0.056876546806759305,0.07983959797355863,0.7042056322097778
4,0.054358081609913796,0.05267682129686529,0.048141352493654595,0.06102383543144573,0.04685375218590101,0.05787448077039285,0.635870944369923,0.001,0.04655520659353998,0.06203944981098175,0.040668609655565686,0.05747798043820593,0.05366259151034885,0.06936013367440966,0.629200365808275
5,0.05122437463565306,0.050404634439583984,0.04731150264992858,0.05921374566175721,0.04565368592739105,0.05650111592628739,0.5964850385983785,0.001,0.05576469252506892,0.06764089937011401,0.04694991931319237,0.06340538710355759,0.05421553345190154,0.0692623613609208,0.630024168226454
6,0.04898244910167925,0.04730163966164445,0.04410464226296454,0.053247403240565094,0.04483564147217707,0.05267994783141396,0.55236027005947,0.001,0.06201312980718083,0.06858350584904353,0.04476450797584322,0.06631848298841053,0.05729671816031138,0.07682383805513382,0.6251864433288574
7,0.043865052249395485,0.04363174138195587,0.04082603871145032,0.04828303171829744,0.04084042030753511,0.04887228944536411,0.505491830182798,0.001,0.05137048371964031,0.0669359386795097,0.03801955241296026,0.0570444841351774,0.047202344569895,0.06054766890075472,0.550063841872745
8,0.04544157963810545,0.04250459841480761,0.03993058520736116,0.04965454938285278,0.04118504284909277,0.04966829164010106,0.488935722546144,0.001,0.06649850184718768,0.06452038221889073,0.0442074951198366,0.061159836335314646,0.05869179839889208,0.07056272609366311,0.5778621633847555
9,0.041508361979415924,0.04193750757611159,0.03999651505640059,0.04604470899159258,0.040136064487424766,0.04681544096180887,0.46169056314410584,0.001,0.05859676996866862,0.060756450725926295,0.043776986085706286,0.057982020494010716,0.05537384210361375,0.06520067610674435,0.5398083726565043
10,0.04201053777201609,0.03997205028479749,0.037141085687008774,0.04339263565612562,0.039728551312829506,0.042392520854870476,0.43679951718359283,0.001,0.04576854697532124,0.06144415338834127,0.039067820749349065,0.05586529316173659,0.0495851586262385,0.06019506727655729,0.49814126557774013
11,0.038878010247241364,0.03919680653647943,0.03657852220490123,0.043610279307220924,0.038254352512233185,0.041741530721386276,0.4191551651015426,0.001,0.04825977567169401,0.05737977474927902,0.0360915284189913,0.05044382231103049,0.042630527168512344,0.05387614501847161,0.4643025928073459
12,0.03685853032000137,0.03503329871278821,0.033638910023552,0.04148609123446725,0.035276578118403755,0.040760786018588326,0.3942938672773766,0.001,0.0535256312125259,0.06364501143495242,0.042594129426611796,0.061665927370389305,0.0556274259255992,0.06545007601380348,0.5092261102464464
13,0.036202985059582825,0.03420299929425572,0.03333617966960777,0.03989403412649126,0.03563281662310615,0.04046934792263941,0.3828674509669795,0.001,0.05191138096981578,0.058426417824294835,0.04048230664597617,0.05809896480706003,0.05231029995613628,0.0637165221075217,0.4843665791882409
14,0.036322001706470146,0.03440021209870324,0.03431114757602865,0.03831590254875747,0.03465980488919851,0.039251567400766144,0.3733477493127187,0.001,0.06130123014251391,0.061340166048871145,0.04382803580827183,0.06690691121750408,0.06051259570651584,0.06980892353587681,0.5163890454504225
15,0.034671115999420486,0.03301795933282736,0.03042372028258714,0.038538161778088775,0.03437474691732363,0.03915891175468763,0.3600299195809798,0.001,0.05776209798124102,0.06594955176115036,0.042987936900721654,0.06615227212508519,0.05457255823744668,0.06414121886094411,0.49830631415049237
16,0.03142719540857908,0.02743542211299593,0.029681462117216804,0.033484767388665314,0.03283466319694663,0.03432654967588006,0.3342949892535354,0.0005,0.059163945002688303,0.06460912111732695,0.04141614710291227,0.06266924573315515,0.05029763736658626,0.06462993348638217,0.4861229492558373
17,0.02801932462237098,0.027118762729294373,0.02643709195156892,0.031104157989223797,0.029723261398347942,0.032098999359842506,0.31622320684519684,0.0005,0.053904079314735204,0.06201393985086017,0.0414333732591735,0.05973103311326769,0.051315622197257146,0.06178224500682619,0.47018492552969193
18,0.028586720991315262,0.025543386060180084,0.02570570965833736,0.029660073588743355,0.02693797117381385,0.030905655444119915,0.3057281131094152,0.0005,0.06885946210887697,0.07409252102176349,0.0516571704712179,0.08334311760134167,0.06887607276439667,0.07851314958598879,0.5621161262194315
0,0.5104324055068633,0.45764387092169595,1.7164798378944397,0.3995608643573873,0.6462504258927178,0.38149352547000437,4.157344747992123,0.001,0.30419266649654936,0.29030551654951914,0.35468856351716177,0.16539145154612406,0.2764866713966642,0.2665757324014391,1.7031808750970023
1,0.37683170332628135,0.3830865945886163,0.7762738133178038,0.32373810340376463,0.36061649155967374,0.3335365398841746,2.5996320668388817,0.001,0.20279399199145182,0.27124900264399393,0.3633607157639095,0.15935966798237391,0.2830370217561722,0.24243212597710745,1.5677826234272547
2,0.3381467110970441,0.32408468074658336,0.43091142922639847,0.297198503771249,0.3063523607218967,0.28438611284774895,2.0266169239492977,0.001,0.18051263902868545,0.26697043435914175,0.23534126154014043,0.15536879215921676,0.2743654378822872,0.2081091425248555,1.3661851372037614
3,0.2877756677129689,0.2809954881668091,0.3229595992495032,0.27607624627211513,0.2714917160132352,0.24180739372968674,1.7266108428730684,0.001,0.1348580132637705,0.239429486649377,0.1354313695005008,0.13604324736765452,0.19823360230241502,0.1920747927256993,1.0815581679344177
4,0.2638474251417553,0.25197219015920863,0.2535891782711534,0.2390214371330598,0.25256019304780397,0.21566639358506484,1.5221274740555708,0.001,0.11259947504316058,0.20229125874383108,0.10019936944757189,0.10822476978812899,0.1502908659832818,0.16504942519324167,0.8841076493263245
5,0.2308125938562786,0.21840106739717371,0.19426520870012395,0.2017168748904677,0.2221360329319449,0.18699323298300013,1.299755871295929,0.001,0.07532530544059617,0.1694317821945463,0.09561518260410853,0.08719479186194283,0.13031121343374252,0.15816105689321244,0.7614479235240391
6,0.1930598862030927,0.20740737809854395,0.15981922276756344,0.18394496138481534,0.20885427997392766,0.16607080158941886,1.1645465370486765,0.001,0.07734390454632896,0.1354052030614444,0.08098705112934113,0.07967959557260786,0.11732320593936103,0.1472009015934808,0.6833123564720154
7,0.16181906137396307,0.18250623301548116,0.15372134241111138,0.16735639664180138,0.19301491230726242,0.16668647922137203,1.0704538033289068,0.001,0.06360035336443357,0.13019758675779616,0.09020744157688958,0.08165691899401802,0.10769669711589813,0.14532332973820822,0.6640041385378156
8,0.15526028021293528,0.1758330341647653,0.1410118529901785,0.15751744368497064,0.1809308430289521,0.1598433714140864,1.0156895798795365,0.001,0.07746257739407676,0.11666053427117211,0.07541239474500928,0.07422761938401631,0.1182333624788693,0.14240683508770807,0.6496746710368565
9,0.13514941930770874,0.15535679065129337,0.14065525899915135,0.14414887152173939,0.15646195828038104,0.14062017837868018,0.9176375638036167,0.001,0.08390193272914205,0.10655726492404938,0.06517073139548302,0.08250332623720169,0.11977411167962211,0.13337779151541845,0.636501065322331
10,0.12253078007522751,0.13832518918549314,0.13204828080009012,0.1247777971712982,0.1522894834770876,0.13233289911466486,0.8474954243968514,0.001,0.06729231136185783,0.08329768585307258,0.06126248410769871,0.0908666444676263,0.11046269961765834,0.10951726457902364,0.5678588492529733
11,0.11255250367171624,0.12044091698001413,0.11794661883922185,0.12183291465044022,0.13777103165493293,0.12436170525410596,0.7800299367483925,0.001,0.0697304547897407,0.08289543858596257,0.06963845023087092,0.06000290172440665,0.09546733008963722,0.1054174644606454,0.5282415747642517
12,0.09475344156517702,0.11529224716565188,0.11463437514270053,0.11024908831014353,0.12311812249176643,0.1134192503112204,0.71652130169027,0.001,0.06239084154367447,0.07793087831565312,0.06591956849609103,0.043796997517347336,0.10736263330493655,0.0975063538977078,0.4999205044337681
13,0.08837121221072533,0.11903331910862643,0.10697969399830874,0.1035623642451623,0.11932632787262692,0.1078264176407281,0.6900707658599404,0.001,0.06744379230907985,0.06472639633076531,0.06030175409146717,0.05462565539138658,0.103766744690282,0.09186204522848129,0.4876513353415898
14,0.08586285109905635,0.1165669961448978,0.10897822152165805,0.0941348053953227,0.10655174492036595,0.10065904369249064,0.6576321773669299,0.001,0.06210393937570708,0.06313270170773778,0.05956995114684105,0.04719934878604753,0.09215529582330159,0.08699930139950343,0.45599872299603056
15,0.08121315433698542,0.10152476500062381,0.10475708960610278,0.09426603444358882,0.10480974570793264,0.09958754074485864,0.6309557574636796,0.001,0.05676706188491413,0.08264520977224622,0.053142214992216656,0.03259468504360744,0.09389348434550422,0.08379797211715154,0.44758979763303486
16,0.07765732913771096,0.10194768471752896,0.10116884682108374,0.08714191243052483,0.09802982539815061,0.09786645191557267,0.6085125102716333,0.001,0.05569552576967648,0.07147540471383504,0.054122274475438256,0.036113079105104716,0.10132742353848048,0.07436314278415271,0.4377451922212328
17,0.07378436449696035,0.09375972388421788,0.0967646817512372,0.08432747829048072,0.08820237898651291,0.09317845840226202,0.5746129155158997,0.001,0.056412097598825185,0.06215818279555866,0.047084055308784754,0.03473903425037861,0.10411396941968373,0.08247629872390203,0.4315195381641388
18,0.06806327106759828,0.09108024528797935,0.09315304491011535,0.08193896009641535,0.08944150071372003,0.08948173658812747,0.5576399766346988,0.001,0.0533005627138274,0.07256434112787247,0.0460327012198312,0.036735628066318374,0.09621856468064445,0.08056875211851937,0.4298464570726667
19,0.06762590631842613,0.08979076103252523,0.09836967311361257,0.08237623905434328,0.08951841579640613,0.08853816219112452,0.5605965581010369,0.001,0.054809619805642536,0.06696523619549614,0.04516167938709259,0.03394612590117114,0.08407148399523326,0.07295649711574827,0.40222776787621634
20,0.0654991238432772,0.08546079837662332,0.0924006680793622,0.07543543441330686,0.08411868267199572,0.08173839550684481,0.5289102757678312,0.001,0.04544714252863612,0.067045944077628,0.036911280027457645,0.032395202932613235,0.0797502834882055,0.07080219366720744,0.37655336941991535
21,0.06476750126218095,0.08669011229101349,0.08808745684869149,0.07816582885296906,0.08195466405766852,0.08379164097063682,0.5276068554205053,0.001,0.05282561480998993,0.05093526574117797,0.04416701942682266,0.03672451845237187,0.07568172578300748,0.06255461967417172,0.3669835073607309
22,0.06343778321409926,0.08522835450575632,0.08681504954310025,0.07150449231266975,0.07832845749662203,0.0766985406551291,0.5060492236824596,0.001,0.05034357788307326,0.07453905844262668,0.04234734975865909,0.032843834055321555,0.08125350837196622,0.07723196276596614,0.4025312236377171
23,0.06225946074461236,0.07875225397155565,0.08726721870548584,0.07016005345127162,0.07468459831879419,0.07759065378238172,0.4946168143959606,0.001,0.0508787775678294,0.07125177021537508,0.03894940071872303,0.03122701123356819,0.0807935329420226,0.07284741582615036,0.3897731176444462
24,0.06048635491991744,0.07796656669062726,0.08254553859724718,0.069122251451892,0.07303523151751827,0.07496521260370226,0.48188477491631226,0.001,0.04943720144884927,0.06666041378464017,0.041202063007014136,0.03498889346207891,0.07435474864074162,0.07149745257837432,0.3818376490048
25,0.061799938078312314,0.0782228087020271,0.08134533640216379,0.07174826599657536,0.07113928041037391,0.07442752403371475,0.4823174529215869,0.001,0.052425578236579895,0.057093682033675056,0.03168338430779321,0.03029795310326985,0.07582083770206996,0.07599797525576182,0.3668887061732156
26,0.05836092056158711,0.07107195367707926,0.08493549902649487,0.06851009904023479,0.0681906327166978,0.07066603125456501,0.4652714615359026,0.0005,0.047077951686722894,0.04698649527771132,0.03362438268959522,0.029607046395540237,0.06505619308778218,0.05719551923019545,0.3230490173612322
27,0.05760274827480316,0.07657723742372849,0.08338299459394287,0.07090502276140101,0.07380800880491734,0.07781796409365009,0.48356103897094727,0.0005,0.051257177123001645,0.05755577236413956,0.03441026593957629,0.03478005528450012,0.07742823766810554,0.06933332447494779,0.3681935157094683
28,0.05754331860910444,0.07217687543700724,0.08258725878070383,0.06965822343002348,0.06975223255508087,0.0736048775998985,0.46871644521460815,0.0005,0.04845194625002997,0.052759362650769095,0.03388405351766518,0.03625861794820854,0.07406817908797945,0.06858779383557183,0.35736515266554697
29,0.056514654089422786,0.07009444604901706,0.07868909068843898,0.06783154628732625,0.06816689702956115,0.06877088349531679,0.4533870421788272,0.0005,0.051202098705938885,0.04998400381633213,0.032860749534198215,0.041628337864364894,0.06944686387266431,0.06459114966647965,0.3529950848647526
0,0.36086739353064834,0.3414718559076046,0.4238422273561872,0.366077625854262,0.3173106872829898,0.36489655483385613,2.2203458629805466,0.001,0.340366477897654,0.3842684687432194,0.5064392671847219,0.4164655849883694,0.2308261662877667,0.302264205526307,2.226608904244388
1,0.214916436785254,0.2574329627998944,0.24743874407020108,0.3097218580800912,0.22181203360187596,0.217861078576795,1.5151606013034953,0.001,0.15120762005370325,0.17370003448184873,0.19395547621537254,0.3758085221832335,0.12889346378948052,0.19063566414473568,1.2601720447315596
2,0.16750168879998142,0.16532423506523,0.15495008515386746,0.23767829234230106,0.14927593677722176,0.17413742259658616,1.0948110054279196,0.001,0.06869118041432029,0.09206305486174467,0.06631198256515473,0.1509432159559265,0.03870867680348651,0.08767762974255684,0.5503050577266054
3,0.12750118498144478,0.1082122305343891,0.11175586275499443,0.15852417835387692,0.10860868214533247,0.13775984436787408,0.7982360243797302,0.001,0.0696345376465177,0.09333119107439568,0.0682543795421739,0.11208353845002764,0.04004393638896692,0.09861532205725528,0.5277689985579845
4,0.10471431178779438,0.08490851120702152,0.096025897022979,0.13129790450992254,0.0899531963313448,0.10979740522031127,0.6623949202997931,0.001,0.10299897902396493,0.10849714462513699,0.09407749449034558,0.1439644951977967,0.04206952756924155,0.11329134503935331,0.6504946435309206
5,0.10001607575807078,0.07235124036669731,0.08746973394319929,0.10179739029243075,0.07914505830869592,0.09721094974926833,0.5834414369073407,0.001,0.07098437361516721,0.08676470332432792,0.06501400156717026,0.10271999891359769,0.03259262384076393,0.0882666987167057,0.49164615899168385
6,0.08543037376527128,0.06799171967753048,0.07493881318589736,0.09562594721029545,0.07414780685613895,0.09174497167355028,0.535043824746691,0.001,0.07157986391706304,0.08204244057701521,0.061468036496689964,0.1091156850973661,0.0335844031959304,0.08830950144405296,0.49108182939247313
7,0.0835334295599625,0.0596715849278302,0.07344475383388585,0.08819989562034607,0.07139780358250798,0.08226937387010147,0.5033163857871088,0.001,0.08060572004306535,0.08701961607482109,0.07440197515101489,0.1122824655094852,0.03881052992652848,0.09850097263319642,0.5362525765652432
8,0.08431349522594749,0.057553115165952975,0.0718984385759666,0.08369988109274157,0.07147349651003707,0.07808230041429914,0.49144166995739114,0.001,0.06257961940566438,0.07773189091596616,0.052079120541176714,0.09222315337645445,0.03070399498674258,0.07769925126815654,0.437211771598037
9,0.07837633511115764,0.05348855343101353,0.06741028875112534,0.08091030984089292,0.06792971748730232,0.08021601626071437,0.4723112803080986,0.001,0.0664936637661922,0.08197292507045868,0.060272897067065324,0.10665578332715009,0.03466671915890659,0.08469011820852757,0.47850802431555944
10,0.07480366371315102,0.05042393179289226,0.06270576594718572,0.07542358568773187,0.0633809727327577,0.07270881780262652,0.44298468869307944,0.001,0.10387729947011508,0.09241874415563975,0.09514368743348028,0.15067518845746655,0.05197669495462747,0.12101657909989669,0.6584354637493014
11,0.07316012261756535,0.047941547709292376,0.06165770009673875,0.07300983782986115,0.0649515082353148,0.0717802556681222,0.4355655600284708,0.001,0.10411023992206414,0.08887586924028022,0.08928891232344492,0.13343561782028662,0.04970995352374322,0.1183573375724217,0.6265775728288121
12,0.07057437642381109,0.04519959832059926,0.05758428514517587,0.06964487400034379,0.06166285770977366,0.06851913977799745,0.41569996322023456,0.001,0.0670236058737985,0.0770256981955773,0.05536810042707162,0.09493965827201674,0.03448355677708281,0.08017140936047931,0.45123744876909005
13,0.06813281172051512,0.044173116416766724,0.05786723024372397,0.06968684087282624,0.06076413877308369,0.06855591295351242,0.41125940814100465,0.0005,0.09362872912309557,0.08630860657358044,0.07983383601677667,0.1221701009150263,0.04808193429602378,0.10149388455088539,0.5734472377762121
14,0.06892962263062083,0.04376038835737212,0.05613962681642894,0.07041490151193636,0.059216104807524844,0.06599764731423609,0.40621567306847406,0.0005,0.0868164561835181,0.08399171488486347,0.07547237720896358,0.12185348058363218,0.04007826782567963,0.10253473681870712,0.5523428299820236
15,0.06547760511266774,0.044227767260424024,0.053541743010282514,0.06499455961687811,0.05725759698142265,0.062427839688185986,0.3893624133077161,0.0005,0.10035362967450893,0.09326235123017695,0.08004576368111123,0.1359224324724125,0.058823381184907486,0.10677274209276544,0.6164381747470477
